<?xml version="1.0" encoding="UTF-8" standalone="yes"?>
<addon id="plugin.video.ffmpeg-cutter" name="ffmpeg cutter"
	version="1.0.2" provider-name="Heckie">
	<requires>
		<import addon="xbmc.python" version="2.7.0" />
	</requires>
	<extension point="kodi.context.item">
		<menu id="kodi.core.main">
			<item library="cut.py">
				<label>32001</label>
				<visible>[Window.IsActive(tvrecordings) | Window.IsActive(videos)+Container.Content(files)]+!ListItem.IsFolder</visible>
			</item>
		</menu>	
	</extension>
	<extension point="xbmc.addon.metadata">
		<summary lang="en_gb">Heckie's ffmpeg cutter</summary>
		<description lang="en_gb"></description>
		<disclaimer lang="en_gb"></disclaimer>
		<language></language>
		<platform>linux windows</platform>
		<license></license>
		<forum></forum>
		<website>https://github.com/Heckie75/kodi-addon-ffmpeg-cutter</website>
		<email>github@heckie.de</email>
		<source></source>
		<news></news>
		<assets>
			<screenshot>resources/screenshots/screenshot_1.png</screenshot>
			<screenshot>resources/screenshots/screenshot_2.png</screenshot>
			<screenshot>resources/screenshots/screenshot_3.png</screenshot>
			<screenshot>resources/screenshots/screenshot_4.png</screenshot>
		</assets>
	</extension>
</addon>
